USE [Asclepius];
GO


set identity_insert [Category] on
insert into [Category] ([Id], [Name]) 
values (1, 'Cardiology'), (2, 'Dermatology'), (3, 'Endocrinology'), (4, 'Immunology'), (5, 'Nephrology'),
	   (6, 'Neurology'), (7, 'Pulmonology'), (8, 'Rheumatology'), (9, 'Urology'), (10, 'Other')
set identity_insert [Category] off


set identity_insert [UserProfile] on
insert into UserProfile (Id, DisplayName, FirstName, LastName, Email, CreateDateTime, ImageLocation, FirebaseUserId, IsActive) values (1, 'rsandwith0', 'Reina', 'Sandwith', 'rsandwith0@google.com.brx', '2020-04-23', 'https://robohash.org/numquamutut.png?size=150x150&set=set1', 'jpuhyzaicsokywncxveknzowfpdu', 1);
insert into UserProfile (Id, DisplayName, FirstName, LastName, Email, CreateDateTime, ImageLocation, FirebaseUserId, IsActive) values (2, 'rdo1', 'Red', 'Do', 'rdo1@timesonline.co.ukx', '2020-04-20', 'https://robohash.org/nisiautemet.png?size=150x150&set=set1', 'vhbgqyeqelhgkohutnoglbdohssl', 1);
insert into UserProfile (Id, DisplayName, FirstName, LastName, Email, CreateDateTime, ImageLocation, FirebaseUserId, IsActive) values (3, 'aotton2', 'Arnold', 'Otton', 'aotton2@ow.lyx', '2020-01-13', 'https://robohash.org/molestiaemagnamet.png?size=150x150&set=set1', 'wqhvgdjxjqkqecuridpvjtwpoacc', 1);
insert into UserProfile (Id, DisplayName, FirstName, LastName, Email, CreateDateTime, ImageLocation, FirebaseUserId, IsActive) values (4, 'agrzeskowski3', 'Aharon', 'Grzeskowski', 'agrzeskowski3@fc2.comx', '2020-04-12', 'https://robohash.org/doloremfugiatrerum.png?size=150x150&set=set1', 'exsjcqvnhydjofznqmtvecekcgno', 1);
insert into UserProfile (Id, DisplayName, FirstName, LastName, Email, CreateDateTime, ImageLocation, FirebaseUserId, IsActive) values (5, 'ryakushkev4', 'Rosana', 'Yakushkev', 'ryakushkev4@weibo.comx', '2019-08-16', 'https://robohash.org/deseruntutipsum.png?size=150x150&set=set1', 'djwoicosfnhexpmmsnukgcsbnqod', 1);
insert into UserProfile (Id, DisplayName, FirstName, LastName, Email, CreateDateTime, ImageLocation, FirebaseUserId, IsActive) values (6, 'tfigiovanni5', 'Tobi', 'Figiovanni', 'tfigiovanni5@baidu.comx', '2019-10-17', 'https://robohash.org/quiundedignissimos.png?size=150x150&set=set1', 'xiybslspeizewvkixqubnqjlwamz', 0);
insert into UserProfile (Id, DisplayName, FirstName, LastName, Email, CreateDateTime, ImageLocation, FirebaseUserId, IsActive) values (7, 'gteanby6', 'Giuseppe', 'Teanby', 'gteanby6@craigslist.orgx', '2019-08-29', 'https://robohash.org/hicnihilipsa.png?size=150x150&set=set1', 'lzxmysyzqrmcwjzxsyrkbczhspup', 0);
insert into UserProfile (Id, DisplayName, FirstName, LastName, Email, CreateDateTime, ImageLocation, FirebaseUserId, IsActive) values (8, 'cvanderweedenburg7', 'Cristabel', 'Van Der Weedenburg', 'cvanderweedenburg7@wikimedia.orgx', '2019-11-02', 'https://robohash.org/quidemearumtenetur.png?size=150x150&set=set1', 'jqqyiksxkocmhphkylikwcehuvky', 0);
insert into UserProfile (Id, DisplayName, FirstName, LastName, Email, CreateDateTime, ImageLocation, FirebaseUserId, IsActive) values (9, 'ecornfoot8', 'Emmaline', 'Cornfoot', 'ecornfoot8@cargocollective.comx', '2020-02-17', 'https://robohash.org/blanditiismaioresest.png?size=150x150&set=set1', 'smzswoscvmfpvugpmgvkflihdmka', 0);
insert into UserProfile (Id, DisplayName, FirstName, LastName, Email, CreateDateTime, ImageLocation, FirebaseUserId, IsActive) values (10, 'jmaruska9', 'Jody', 'Maruska', 'jmaruska9@netscape.comx', '2020-02-09', 'https://robohash.org/voluptatemexercitationemdignissimos.png?size=150x150&set=set1', 'abcnibyohfhukxngaegjxxzionyt', 0);
set identity_insert [UserProfile] off

set identity_insert [Condition] on
insert into Condition (Id, Title, Content, ImageLocation, CreateDateTime, CategoryId, UserProfileId) values (1, 'morph front-end markets', 'Integer ac leo. Pellentesque ultrices mattis odio. Donec vitae nisi.', 'http://lorempixel.com/920/360/', '2020-10-01',  3, 6);
insert into Condition (Id, Title, Content, ImageLocation, CreateDateTime, CategoryId, UserProfileId) values (2, 'orchestrate value-added communities', 'In hac habitasse platea dictumst. Morbi vestibulum, velit id pretium iaculis, diam erat fermentum justo, nec condimentum neque sapien placerat ante. Nulla justo.
Aliquam quis turpis eget elit sodales scelerisque. Mauris sit amet eros. Suspendisse accumsan tortor quis turpis.', 'http://lorempixel.com/920/360/', '2019-08-29',  4, 4);
insert into Condition (Id, Title, Content, ImageLocation, CreateDateTime, CategoryId, UserProfileId) values (3, 'engineer ubiquitous users', 'Aliquam quis turpis eget elit sodales scelerisque. Mauris sit amet eros. Suspendisse accumsan tortor quis turpis.
Sed ante. Vivamus tortor. Duis mattis egestas metus.
Aenean fermentum. Donec ut mauris eget massa tempor convallis. Nulla neque libero, convallis eget, eleifend luctus, ultricies eu, nibh.
Quisque id justo sit amet sapien dignissim vestibulum. Vestibulum ante ipsum primis in faucibus orci luctus et ultrices posuere cubilia Curae; Nulla dapibus dolor vel est. Donec odio justo, sollicitudin ut, suscipit a, feugiat et, eros.
Vestibulum ac est lacinia nisi venenatis tristique. Fusce congue, diam id ornare imperdiet, sapien urna pretium nisl, ut volutpat sapien arcu sed augue. Aliquam erat volutpat.', 'http://lorempixel.com/920/360/', '2020-02-01',  2, 9);
insert into Condition (Id, Title, Content, ImageLocation, CreateDateTime, CategoryId, UserProfileId) values (4, 'deploy impactful architectures', 'Duis aliquam convallis nunc. Proin at turpis a pede posuere nonummy. Integer non velit.
Donec diam neque, vestibulum eget, vulputate ut, ultrices vel, augue. Vestibulum ante ipsum primis in faucibus orci luctus et ultrices posuere cubilia Curae; Donec pharetra, magna vestibulum aliquet ultrices, erat tortor sollicitudin mi, sit amet lobortis sapien sapien non mi. Integer ac neque.
Duis bibendum. Morbi non quam nec dui luctus rutrum. Nulla tellus.
In sagittis dui vel nisl. Duis ac nibh. Fusce lacus purus, aliquet at, feugiat non, pretium quis, lectus.
Suspendisse potenti. In eleifend quam a odio. In hac habitasse platea dictumst.', 'http://lorempixel.com/920/360/', '2020-07-05',  3, 1);
insert into Condition (Id, Title, Content, ImageLocation, CreateDateTime, CategoryId, UserProfileId) values (5, 'empower 24/7 systems', 'Vestibulum ac est lacinia nisi venenatis tristique. Fusce congue, diam id ornare imperdiet, sapien urna pretium nisl, ut volutpat sapien arcu sed augue. Aliquam erat volutpat.
In congue. Etiam justo. Etiam pretium iaculis justo.', 'http://lorempixel.com/920/360/', '2019-07-07',  2, 6);
insert into Condition (Id, Title, Content, ImageLocation, CreateDateTime, CategoryId, UserProfileId) values (6, 'benchmark web-enabled paradigms', 'Lorem ipsum dolor sit amet, consectetuer adipiscing elit. Proin risus. Praesent lectus.
Vestibulum quam sapien, varius ut, blandit non, interdum in, ante. Vestibulum ante ipsum primis in faucibus orci luctus et ultrices posuere cubilia Curae; Duis faucibus accumsan odio. Curabitur convallis.
Duis consequat dui nec nisi volutpat eleifend. Donec ut dolor. Morbi vel lectus in quam fringilla rhoncus.
Mauris enim leo, rhoncus sed, vestibulum sit amet, cursus id, turpis. Integer aliquet, massa id lobortis convallis, tortor risus dapibus augue, vel accumsan tellus nisi eu orci. Mauris lacinia sapien quis libero.', 'http://lorempixel.com/920/360/', '2020-04-13',  2, 7);
insert into Condition (Id, Title, Content, ImageLocation, CreateDateTime, CategoryId, UserProfileId) values (7, 'productize turn-key convergence', 'Aenean fermentum. Donec ut mauris eget massa tempor convallis. Nulla neque libero, convallis eget, eleifend luctus, ultricies eu, nibh.
Quisque id justo sit amet sapien dignissim vestibulum. Vestibulum ante ipsum primis in faucibus orci luctus et ultrices posuere cubilia Curae; Nulla dapibus dolor vel est. Donec odio justo, sollicitudin ut, suscipit a, feugiat et, eros.
Vestibulum ac est lacinia nisi venenatis tristique. Fusce congue, diam id ornare imperdiet, sapien urna pretium nisl, ut volutpat sapien arcu sed augue. Aliquam erat volutpat.', 'http://lorempixel.com/920/360/', '2019-08-25',  1, 8);
insert into Condition (Id, Title, Content, ImageLocation, CreateDateTime, CategoryId, UserProfileId) values (8, 'drive front-end portals', 'Vestibulum quam sapien, varius ut, blandit non, interdum in, ante. Vestibulum ante ipsum primis in faucibus orci luctus et ultrices posuere cubilia Curae; Duis faucibus accumsan odio. Curabitur convallis.', 'http://lorempixel.com/920/360/', '2020-03-04',  4, 4);
insert into Condition (Id, Title, Content, ImageLocation, CreateDateTime, CategoryId, UserProfileId) values (9, 'exploit e-business e-services', 'Maecenas leo odio, condimentum id, luctus nec, molestie sed, justo. Pellentesque viverra pede ac diam. Cras pellentesque volutpat dui.
Maecenas tristique, est et tempus semper, est quam pharetra magna, ac consequat metus sapien ut nunc. Vestibulum ante ipsum primis in faucibus orci luctus et ultrices posuere cubilia Curae; Mauris viverra diam vitae quam. Suspendisse potenti.
Nullam porttitor lacus at turpis. Donec posuere metus vitae ipsum. Aliquam non mauris.', 'http://lorempixel.com/920/360/', '2019-09-20', 4, 7);
insert into Condition (Id, Title, Content, ImageLocation, CreateDateTime, CategoryId, UserProfileId) values (10, 'incentivize virtual models', 'Aliquam quis turpis eget elit sodales scelerisque. Mauris sit amet eros. Suspendisse accumsan tortor quis turpis.
Sed ante. Vivamus tortor. Duis mattis egestas metus.
Aenean fermentum. Donec ut mauris eget massa tempor convallis. Nulla neque libero, convallis eget, eleifend luctus, ultricies eu, nibh.
Quisque id justo sit amet sapien dignissim vestibulum. Vestibulum ante ipsum primis in faucibus orci luctus et ultrices posuere cubilia Curae; Nulla dapibus dolor vel est. Donec odio justo, sollicitudin ut, suscipit a, feugiat et, eros.', 'http://lorempixel.com/920/360/', '2019-10-23',  5, 9);
insert into Condition (Id, Title, Content, ImageLocation, CreateDateTime, CategoryId, UserProfileId) values (11, 'syndicate cross-media paradigms', 'Curabitur at ipsum ac tellus semper interdum. Mauris ullamcorper purus sit amet nulla. Quisque arcu libero, rutrum ac, lobortis vel, dapibus at, diam.', 'http://lorempixel.com/920/360/', '2019-10-27', 2, 7);
insert into Condition (Id, Title, Content, ImageLocation, CreateDateTime, CategoryId, UserProfileId) values (12, 'evolve sticky web-readiness', 'Phasellus in felis. Donec semper sapien a libero. Nam dui.', 'http://lorempixel.com/920/360/', '2019-07-21',  1, 8);
insert into Condition (Id, Title, Content, ImageLocation, CreateDateTime, CategoryId, UserProfileId) values (13, 'monetize mission-critical supply-chains', 'Maecenas tristique, est et tempus semper, est quam pharetra magna, ac consequat metus sapien ut nunc. Vestibulum ante ipsum primis in faucibus orci luctus et ultrices posuere cubilia Curae; Mauris viverra diam vitae quam. Suspendisse potenti.
Nullam porttitor lacus at turpis. Donec posuere metus vitae ipsum. Aliquam non mauris.', 'http://lorempixel.com/920/360/', '2019-10-20', 4, 6);
insert into Condition (Id, Title, Content, ImageLocation, CreateDateTime, CategoryId, UserProfileId) values (14, 'synergize seamless supply-chains', 'Phasellus in felis. Donec semper sapien a libero. Nam dui.', 'http://lorempixel.com/920/360/', '2019-09-23',  4, 4);
insert into Condition (Id, Title, Content, ImageLocation, CreateDateTime, CategoryId, UserProfileId) values (15, 'reintermediate transparent models', 'In congue. Etiam justo. Etiam pretium iaculis justo.
In hac habitasse platea dictumst. Etiam faucibus cursus urna. Ut tellus.
Nulla ut erat id mauris vulputate elementum. Nullam varius. Nulla facilisi.', 'http://lorempixel.com/920/360/', '2020-03-17',  1, 8);
insert into Condition (Id, Title, Content, ImageLocation, CreateDateTime, CategoryId, UserProfileId) values (16, 'grow frictionless e-tailers', 'Sed sagittis. Nam congue, risus semper porta volutpat, quam pede lobortis ligula, sit amet eleifend pede libero quis orci. Nullam molestie nibh in lectus.
Pellentesque at nulla. Suspendisse potenti. Cras in purus eu magna vulputate luctus.
Cum sociis natoque penatibus et magnis dis parturient montes, nascetur ridiculus mus. Vivamus vestibulum sagittis sapien. Cum sociis natoque penatibus et magnis dis parturient montes, nascetur ridiculus mus.
Etiam vel augue. Vestibulum rutrum rutrum neque. Aenean auctor gravida sem.', 'http://lorempixel.com/920/360/', '2019-10-02', 2, 8);
insert into Condition (Id, Title, Content, ImageLocation, CreateDateTime, CategoryId, UserProfileId) values (17, 'synthesize transparent niches', 'Nullam sit amet turpis elementum ligula vehicula consequat. Morbi a ipsum. Integer a nibh.', 'http://lorempixel.com/920/360/', '2020-03-11',  3, 5);
insert into Condition (Id, Title, Content, ImageLocation, CreateDateTime, CategoryId, UserProfileId) values (18, 'streamline sticky e-commerce', 'Donec diam neque, vestibulum eget, vulputate ut, ultrices vel, augue. Vestibulum ante ipsum primis in faucibus orci luctus et ultrices posuere cubilia Curae; Donec pharetra, magna vestibulum aliquet ultrices, erat tortor sollicitudin mi, sit amet lobortis sapien sapien non mi. Integer ac neque.
Duis bibendum. Morbi non quam nec dui luctus rutrum. Nulla tellus.
In sagittis dui vel nisl. Duis ac nibh. Fusce lacus purus, aliquet at, feugiat non, pretium quis, lectus.', 'http://lorempixel.com/920/360/', '2019-08-28',  4, 10);
insert into Condition (Id, Title, Content, ImageLocation, CreateDateTime, CategoryId, UserProfileId) values (19, 'architect next-generation e-business', 'Integer tincidunt ante vel ipsum. Praesent blandit lacinia erat. Vestibulum sed magna at nunc commodo placerat.
Praesent blandit. Nam nulla. Integer pede justo, lacinia eget, tincidunt eget, tempus vel, pede.
Morbi porttitor lorem id ligula. Suspendisse ornare consequat lectus. In est risus, auctor sed, tristique in, tempus sit amet, sem.
Fusce consequat. Nulla nisl. Nunc nisl.
Duis bibendum, felis sed interdum venenatis, turpis enim blandit mi, in porttitor pede justo eu massa. Donec dapibus. Duis at velit eu est congue elementum.', 'http://lorempixel.com/920/360/', '2020-02-08',  5, 2);
insert into Condition (Id, Title, Content, ImageLocation, CreateDateTime, CategoryId, UserProfileId) values (20, 'transition next-generation networks', 'Quisque porta volutpat erat. Quisque erat eros, viverra eget, congue eget, semper rutrum, nulla. Nunc purus.', 'http://lorempixel.com/920/360/', '2020-06-20',  3, 8);
insert into Condition (Id, Title, Content, ImageLocation, CreateDateTime, CategoryId, UserProfileId) values (21, 'harness wireless synergies', 'Aenean lectus. Pellentesque eget nunc. Donec quis orci eget orci vehicula condimentum.
Curabitur in libero ut massa volutpat convallis. Morbi odio odio, elementum eu, interdum eu, tincidunt in, leo. Maecenas pulvinar lobortis est.
Phasellus sit amet erat. Nulla tempus. Vivamus in felis eu sapien cursus vestibulum.', 'http://lorempixel.com/920/360/', '2019-10-18', 5, 7);
insert into Condition (Id, Title, Content, ImageLocation, CreateDateTime, CategoryId, UserProfileId) values (22, 'incubate collaborative e-commerce', 'Integer tincidunt ante vel ipsum. Praesent blandit lacinia erat. Vestibulum sed magna at nunc commodo placerat.
Praesent blandit. Nam nulla. Integer pede justo, lacinia eget, tincidunt eget, tempus vel, pede.
Morbi porttitor lorem id ligula. Suspendisse ornare consequat lectus. In est risus, auctor sed, tristique in, tempus sit amet, sem.
Fusce consequat. Nulla nisl. Nunc nisl.', 'http://lorempixel.com/920/360/', '2020-05-28',  4, 6);
insert into Condition (Id, Title, Content, ImageLocation, CreateDateTime, CategoryId, UserProfileId) values (23, 'productize enterprise e-commerce', 'Duis bibendum. Morbi non quam nec dui luctus rutrum. Nulla tellus.
In sagittis dui vel nisl. Duis ac nibh. Fusce lacus purus, aliquet at, feugiat non, pretium quis, lectus.
Suspendisse potenti. In eleifend quam a odio. In hac habitasse platea dictumst.
Maecenas ut massa quis augue luctus tincidunt. Nulla mollis molestie lorem. Quisque ut erat.
Curabitur gravida nisi at nibh. In hac habitasse platea dictumst. Aliquam augue quam, sollicitudin vitae, consectetuer eget, rutrum at, lorem.
Integer tincidunt ante vel ipsum. Praesent blandit lacinia erat. Vestibulum sed magna at nunc commodo placerat.', 'http://lorempixel.com/920/360/', '2020-01-28',  1, 3);
insert into Condition (Id, Title, Content, ImageLocation, CreateDateTime, CategoryId, UserProfileId) values (24, 'incubate mission-critical channels', 'Nullam sit amet turpis elementum ligula vehicula consequat. Morbi a ipsum. Integer a nibh.
In quis justo. Maecenas rhoncus aliquam lacus. Morbi quis tortor id nulla ultrices aliquet.
Maecenas leo odio, condimentum id, luctus nec, molestie sed, justo. Pellentesque viverra pede ac diam. Cras pellentesque volutpat dui.
Maecenas tristique, est et tempus semper, est quam pharetra magna, ac consequat metus sapien ut nunc. Vestibulum ante ipsum primis in faucibus orci luctus et ultrices posuere cubilia Curae; Mauris viverra diam vitae quam. Suspendisse potenti.
Nullam porttitor lacus at turpis. Donec posuere metus vitae ipsum. Aliquam non mauris.
Morbi non lectus. Aliquam sit amet diam in magna bibendum imperdiet. Nullam orci pede, venenatis non, sodales sed, tincidunt eu, felis.', 'http://lorempixel.com/920/360/', '2019-11-04',  1, 8);
insert into Condition (Id, Title, Content, ImageLocation, CreateDateTime, CategoryId, UserProfileId) values (25, 'visualize enterprise e-markets', 'Sed sagittis. Nam congue, risus semper porta volutpat, quam pede lobortis ligula, sit amet eleifend pede libero quis orci. Nullam molestie nibh in lectus.
Pellentesque at nulla. Suspendisse potenti. Cras in purus eu magna vulputate luctus.', 'http://lorempixel.com/920/360/', '2019-10-29',  3, 8);
insert into Condition (Id, Title, Content, ImageLocation, CreateDateTime, CategoryId, UserProfileId) values (26, 'productize enterprise solutions', 'Pellentesque at nulla. Suspendisse potenti. Cras in purus eu magna vulputate luctus.
Cum sociis natoque penatibus et magnis dis parturient montes, nascetur ridiculus mus. Vivamus vestibulum sagittis sapien. Cum sociis natoque penatibus et magnis dis parturient montes, nascetur ridiculus mus.
Etiam vel augue. Vestibulum rutrum rutrum neque. Aenean auctor gravida sem.
Praesent id massa id nisl venenatis lacinia. Aenean sit amet justo. Morbi ut odio.', 'http://lorempixel.com/920/360/', '2020-03-14', 3, 10);
insert into Condition (Id, Title, Content, ImageLocation, CreateDateTime, CategoryId, UserProfileId) values (27, 'visualize dynamic relationships', 'Curabitur in libero ut massa volutpat convallis. Morbi odio odio, elementum eu, interdum eu, tincidunt in, leo. Maecenas pulvinar lobortis est.
Phasellus sit amet erat. Nulla tempus. Vivamus in felis eu sapien cursus vestibulum.', 'http://lorempixel.com/920/360/', '2019-11-15',  1, 8);
insert into Condition (Id, Title, Content, ImageLocation, CreateDateTime, CategoryId, UserProfileId) values (28, 'engage next-generation e-tailers', 'Phasellus sit amet erat. Nulla tempus. Vivamus in felis eu sapien cursus vestibulum.
Proin eu mi. Nulla ac enim. In tempor, turpis nec euismod scelerisque, quam turpis adipiscing lorem, vitae mattis nibh ligula nec sem.
Duis aliquam convallis nunc. Proin at turpis a pede posuere nonummy. Integer non velit.
Donec diam neque, vestibulum eget, vulputate ut, ultrices vel, augue. Vestibulum ante ipsum primis in faucibus orci luctus et ultrices posuere cubilia Curae; Donec pharetra, magna vestibulum aliquet ultrices, erat tortor sollicitudin mi, sit amet lobortis sapien sapien non mi. Integer ac neque.', 'http://lorempixel.com/920/360/', '2019-10-25', 2, 1);
insert into Condition (Id, Title, Content, ImageLocation, CreateDateTime, CategoryId, UserProfileId) values (29, 'integrate open-source applications', 'Lorem ipsum dolor sit amet, consectetuer adipiscing elit. Proin risus. Praesent lectus.
Vestibulum quam sapien, varius ut, blandit non, interdum in, ante. Vestibulum ante ipsum primis in faucibus orci luctus et ultrices posuere cubilia Curae; Duis faucibus accumsan odio. Curabitur convallis.
Duis consequat dui nec nisi volutpat eleifend. Donec ut dolor. Morbi vel lectus in quam fringilla rhoncus.', 'http://lorempixel.com/920/360/', '2020-05-19',  4, 7);
insert into Condition (Id, Title, Content, ImageLocation, CreateDateTime, CategoryId, UserProfileId) values (30, 'deploy magnetic metrics', 'Phasellus sit amet erat. Nulla tempus. Vivamus in felis eu sapien cursus vestibulum.
Proin eu mi. Nulla ac enim. In tempor, turpis nec euismod scelerisque, quam turpis adipiscing lorem, vitae mattis nibh ligula nec sem.
Duis aliquam convallis nunc. Proin at turpis a pede posuere nonummy. Integer non velit.
Donec diam neque, vestibulum eget, vulputate ut, ultrices vel, augue. Vestibulum ante ipsum primis in faucibus orci luctus et ultrices posuere cubilia Curae; Donec pharetra, magna vestibulum aliquet ultrices, erat tortor sollicitudin mi, sit amet lobortis sapien sapien non mi. Integer ac neque.
Duis bibendum. Morbi non quam nec dui luctus rutrum. Nulla tellus.', 'http://lorempixel.com/920/360/', '2020-10-12', 4, 5);
insert into Condition (Id, Title, Content, ImageLocation, CreateDateTime, CategoryId, UserProfileId) values (31, 'engage dynamic deliverables', 'Fusce posuere felis sed lacus. Morbi sem mauris, laoreet ut, rhoncus aliquet, pulvinar sed, nisl. Nunc rhoncus dui vel sem.', 'http://lorempixel.com/920/360/', '2019-07-28',  5, 5);
insert into Condition (Id, Title, Content, ImageLocation, CreateDateTime, CategoryId, UserProfileId) values (32, 'target bleeding-edge architectures', 'Curabitur in libero ut massa volutpat convallis. Morbi odio odio, elementum eu, interdum eu, tincidunt in, leo. Maecenas pulvinar lobortis est.
Phasellus sit amet erat. Nulla tempus. Vivamus in felis eu sapien cursus vestibulum.
Proin eu mi. Nulla ac enim. In tempor, turpis nec euismod scelerisque, quam turpis adipiscing lorem, vitae mattis nibh ligula nec sem.
Duis aliquam convallis nunc. Proin at turpis a pede posuere nonummy. Integer non velit.', 'http://lorempixel.com/920/360/', '2019-12-10',  3, 5);
insert into Condition (Id, Title, Content, ImageLocation, CreateDateTime, CategoryId, UserProfileId) values (33, 'innovate cross-platform supply-chains', 'Aenean fermentum. Donec ut mauris eget massa tempor convallis. Nulla neque libero, convallis eget, eleifend luctus, ultricies eu, nibh.', 'http://lorempixel.com/920/360/', '2020-04-07',  1, 10);
insert into Condition (Id, Title, Content, ImageLocation, CreateDateTime, CategoryId, UserProfileId) values (34, 'innovate strategic convergence', 'Cum sociis natoque penatibus et magnis dis parturient montes, nascetur ridiculus mus. Vivamus vestibulum sagittis sapien. Cum sociis natoque penatibus et magnis dis parturient montes, nascetur ridiculus mus.
Etiam vel augue. Vestibulum rutrum rutrum neque. Aenean auctor gravida sem.
Praesent id massa id nisl venenatis lacinia. Aenean sit amet justo. Morbi ut odio.
Cras mi pede, malesuada in, imperdiet et, commodo vulputate, justo. In blandit ultrices enim. Lorem ipsum dolor sit amet, consectetuer adipiscing elit.
Proin interdum mauris non ligula pellentesque ultrices. Phasellus id sapien in sapien iaculis congue. Vivamus metus arcu, adipiscing molestie, hendrerit at, vulputate vitae, nisl.', 'http://lorempixel.com/920/360/', '2020-03-26', 3, 7);
insert into Condition (Id, Title, Content, ImageLocation, CreateDateTime,  CategoryId, UserProfileId) values (35, 'engage real-time vortals', 'Curabitur in libero ut massa volutpat convallis. Morbi odio odio, elementum eu, interdum eu, tincidunt in, leo. Maecenas pulvinar lobortis est.', 'http://lorempixel.com/920/360/', '2019-08-17',  5, 9);
insert into Condition (Id, Title, Content, ImageLocation, CreateDateTime,  CategoryId, UserProfileId) values (36, 'productize transparent e-commerce', 'Etiam vel augue. Vestibulum rutrum rutrum neque. Aenean auctor gravida sem.
Praesent id massa id nisl venenatis lacinia. Aenean sit amet justo. Morbi ut odio.
Cras mi pede, malesuada in, imperdiet et, commodo vulputate, justo. In blandit ultrices enim. Lorem ipsum dolor sit amet, consectetuer adipiscing elit.
Proin interdum mauris non ligula pellentesque ultrices. Phasellus id sapien in sapien iaculis congue. Vivamus metus arcu, adipiscing molestie, hendrerit at, vulputate vitae, nisl.
Aenean lectus. Pellentesque eget nunc. Donec quis orci eget orci vehicula condimentum.', 'http://lorempixel.com/920/360/', '2020-03-04', 5, 4);
insert into Condition (Id, Title, Content, ImageLocation, CreateDateTime, CategoryId, UserProfileId) values (37, 'benchmark web-enabled markets', 'Fusce consequat. Nulla nisl. Nunc nisl.
Duis bibendum, felis sed interdum venenatis, turpis enim blandit mi, in porttitor pede justo eu massa. Donec dapibus. Duis at velit eu est congue elementum.
In hac habitasse platea dictumst. Morbi vestibulum, velit id pretium iaculis, diam erat fermentum justo, nec condimentum neque sapien placerat ante. Nulla justo.
Aliquam quis turpis eget elit sodales scelerisque. Mauris sit amet eros. Suspendisse accumsan tortor quis turpis.', 'http://lorempixel.com/920/360/', '2019-09-07', 5, 9);
insert into Condition (Id, Title, Content, ImageLocation, CreateDateTime, CategoryId, UserProfileId) values (38, 'streamline dynamic initiatives', 'In hac habitasse platea dictumst. Morbi vestibulum, velit id pretium iaculis, diam erat fermentum justo, nec condimentum neque sapien placerat ante. Nulla justo.
Aliquam quis turpis eget elit sodales scelerisque. Mauris sit amet eros. Suspendisse accumsan tortor quis turpis.
Sed ante. Vivamus tortor. Duis mattis egestas metus.
Aenean fermentum. Donec ut mauris eget massa tempor convallis. Nulla neque libero, convallis eget, eleifend luctus, ultricies eu, nibh.', 'http://lorempixel.com/920/360/', '2020-04-11', 5, 8);
insert into Condition (Id, Title, Content, ImageLocation, CreateDateTime, CategoryId, UserProfileId) values (39, 'grow cross-media initiatives', 'Vestibulum ac est lacinia nisi venenatis tristique. Fusce congue, diam id ornare imperdiet, sapien urna pretium nisl, ut volutpat sapien arcu sed augue. Aliquam erat volutpat.
In congue. Etiam justo. Etiam pretium iaculis justo.
In hac habitasse platea dictumst. Etiam faucibus cursus urna. Ut tellus.
Nulla ut erat id mauris vulputate elementum. Nullam varius. Nulla facilisi.', 'http://lorempixel.com/920/360/', '2020-05-03', 1, 9);
insert into Condition (Id, Title, Content, ImageLocation, CreateDateTime, CategoryId, UserProfileId) values (40, 'morph turn-key e-commerce', 'Quisque id justo sit amet sapien dignissim vestibulum. Vestibulum ante ipsum primis in faucibus orci luctus et ultrices posuere cubilia Curae; Nulla dapibus dolor vel est. Donec odio justo, sollicitudin ut, suscipit a, feugiat et, eros.
Vestibulum ac est lacinia nisi venenatis tristique. Fusce congue, diam id ornare imperdiet, sapien urna pretium nisl, ut volutpat sapien arcu sed augue. Aliquam erat volutpat.
In congue. Etiam justo. Etiam pretium iaculis justo.
In hac habitasse platea dictumst. Etiam faucibus cursus urna. Ut tellus.
Nulla ut erat id mauris vulputate elementum. Nullam varius. Nulla facilisi.
Cras non velit nec nisi vulputate nonummy. Maecenas tincidunt lacus at velit. Vivamus vel nulla eget eros elementum pellentesque.', 'http://lorempixel.com/920/360/', '2019-09-19', 4, 6);
insert into Condition (Id, Title, Content, ImageLocation, CreateDateTime, CategoryId, UserProfileId) values (41, 'monetize visionary platforms', 'Morbi non lectus. Aliquam sit amet diam in magna bibendum imperdiet. Nullam orci pede, venenatis non, sodales sed, tincidunt eu, felis.', 'http://lorempixel.com/920/360/', '2019-10-19', 3, 7);
insert into Condition (Id, Title, Content, ImageLocation, CreateDateTime, CategoryId, UserProfileId) values (42, 'expedite sexy deliverables', 'Quisque id justo sit amet sapien dignissim vestibulum. Vestibulum ante ipsum primis in faucibus orci luctus et ultrices posuere cubilia Curae; Nulla dapibus dolor vel est. Donec odio justo, sollicitudin ut, suscipit a, feugiat et, eros.
Vestibulum ac est lacinia nisi venenatis tristique. Fusce congue, diam id ornare imperdiet, sapien urna pretium nisl, ut volutpat sapien arcu sed augue. Aliquam erat volutpat.
In congue. Etiam justo. Etiam pretium iaculis justo.
In hac habitasse platea dictumst. Etiam faucibus cursus urna. Ut tellus.', 'http://lorempixel.com/920/360/', '2020-09-07',  3, 8);
insert into Condition (Id, Title, Content, ImageLocation, CreateDateTime, CategoryId, UserProfileId) values (43, 'streamline cross-platform web services', 'Maecenas leo odio, condimentum id, luctus nec, molestie sed, justo. Pellentesque viverra pede ac diam. Cras pellentesque volutpat dui.
Maecenas tristique, est et tempus semper, est quam pharetra magna, ac consequat metus sapien ut nunc. Vestibulum ante ipsum primis in faucibus orci luctus et ultrices posuere cubilia Curae; Mauris viverra diam vitae quam. Suspendisse potenti.
Nullam porttitor lacus at turpis. Donec posuere metus vitae ipsum. Aliquam non mauris.
Morbi non lectus. Aliquam sit amet diam in magna bibendum imperdiet. Nullam orci pede, venenatis non, sodales sed, tincidunt eu, felis.', 'http://lorempixel.com/920/360/', '2020-04-13', 3, 9);
insert into Condition (Id, Title, Content, ImageLocation, CreateDateTime, CategoryId, UserProfileId) values (44, 'deploy visionary technologies', 'Cras mi pede, malesuada in, imperdiet et, commodo vulputate, justo. In blandit ultrices enim. Lorem ipsum dolor sit amet, consectetuer adipiscing elit.
Proin interdum mauris non ligula pellentesque ultrices. Phasellus id sapien in sapien iaculis congue. Vivamus metus arcu, adipiscing molestie, hendrerit at, vulputate vitae, nisl.
Aenean lectus. Pellentesque eget nunc. Donec quis orci eget orci vehicula condimentum.
Curabitur in libero ut massa volutpat convallis. Morbi odio odio, elementum eu, interdum eu, tincidunt in, leo. Maecenas pulvinar lobortis est.
Phasellus sit amet erat. Nulla tempus. Vivamus in felis eu sapien cursus vestibulum.', 'http://lorempixel.com/920/360/', '2019-09-23',  4, 6);
insert into Condition (Id, Title, Content, ImageLocation, CreateDateTime, CategoryId, UserProfileId) values (45, 'engage 24/365 ROI', 'Sed ante. Vivamus tortor. Duis mattis egestas metus.
Aenean fermentum. Donec ut mauris eget massa tempor convallis. Nulla neque libero, convallis eget, eleifend luctus, ultricies eu, nibh.
Quisque id justo sit amet sapien dignissim vestibulum. Vestibulum ante ipsum primis in faucibus orci luctus et ultrices posuere cubilia Curae; Nulla dapibus dolor vel est. Donec odio justo, sollicitudin ut, suscipit a, feugiat et, eros.', 'http://lorempixel.com/920/360/', '2020-03-03',  1, 1);
insert into Condition (Id, Title, Content, ImageLocation, CreateDateTime, CategoryId, UserProfileId) values (46, 'harness distributed portals', 'Duis aliquam convallis nunc. Proin at turpis a pede posuere nonummy. Integer non velit.
Donec diam neque, vestibulum eget, vulputate ut, ultrices vel, augue. Vestibulum ante ipsum primis in faucibus orci luctus et ultrices posuere cubilia Curae; Donec pharetra, magna vestibulum aliquet ultrices, erat tortor sollicitudin mi, sit amet lobortis sapien sapien non mi. Integer ac neque.
Duis bibendum. Morbi non quam nec dui luctus rutrum. Nulla tellus.', 'http://lorempixel.com/920/360/', '2020-03-06',  1, 3);
insert into Condition (Id, Title, Content, ImageLocation, CreateDateTime, CategoryId, UserProfileId) values (47, 'visualize killer systems', 'Vestibulum ac est lacinia nisi venenatis tristique. Fusce congue, diam id ornare imperdiet, sapien urna pretium nisl, ut volutpat sapien arcu sed augue. Aliquam erat volutpat.
In congue. Etiam justo. Etiam pretium iaculis justo.', 'http://lorempixel.com/920/360/', '2019-09-18',  3, 5);
insert into Condition (Id, Title, Content, ImageLocation, CreateDateTime, CategoryId, UserProfileId) values (48, 'scale best-of-breed technologies', 'Donec diam neque, vestibulum eget, vulputate ut, ultrices vel, augue. Vestibulum ante ipsum primis in faucibus orci luctus et ultrices posuere cubilia Curae; Donec pharetra, magna vestibulum aliquet ultrices, erat tortor sollicitudin mi, sit amet lobortis sapien sapien non mi. Integer ac neque.
Duis bibendum. Morbi non quam nec dui luctus rutrum. Nulla tellus.
In sagittis dui vel nisl. Duis ac nibh. Fusce lacus purus, aliquet at, feugiat non, pretium quis, lectus.
Suspendisse potenti. In eleifend quam a odio. In hac habitasse platea dictumst.
Maecenas ut massa quis augue luctus tincidunt. Nulla mollis molestie lorem. Quisque ut erat.
Curabitur gravida nisi at nibh. In hac habitasse platea dictumst. Aliquam augue quam, sollicitudin vitae, consectetuer eget, rutrum at, lorem.', 'http://lorempixel.com/920/360/', '2019-11-05',  1, 1);
insert into Condition (Id, Title, Content, ImageLocation, CreateDateTime, CategoryId, UserProfileId) values (49, 'streamline virtual web-readiness', 'Etiam vel augue. Vestibulum rutrum rutrum neque. Aenean auctor gravida sem.
Praesent id massa id nisl venenatis lacinia. Aenean sit amet justo. Morbi ut odio.
Cras mi pede, malesuada in, imperdiet et, commodo vulputate, justo. In blandit ultrices enim. Lorem ipsum dolor sit amet, consectetuer adipiscing elit.
Proin interdum mauris non ligula pellentesque ultrices. Phasellus id sapien in sapien iaculis congue. Vivamus metus arcu, adipiscing molestie, hendrerit at, vulputate vitae, nisl.', 'http://lorempixel.com/920/360/', '2020-02-18',  2, 4);
insert into Condition (Id, Title, Content, ImageLocation, CreateDateTime, CategoryId, UserProfileId) values (50, 'reintermediate compelling interfaces', 'Proin eu mi. Nulla ac enim. In tempor, turpis nec euismod scelerisque, quam turpis adipiscing lorem, vitae mattis nibh ligula nec sem.
Duis aliquam convallis nunc. Proin at turpis a pede posuere nonummy. Integer non velit.', 'http://lorempixel.com/920/360/', '2019-10-13',  4, 5);
set identity_insert [Condition] off


set identity_insert [Comment] on
insert into Comment (Id, ConditionId, UserProfileId, Subject, Content, CreateDateTime) values (1, 20, 4, 'Sed sagittis.', 'Vestibulum quam sapien, varius ut, blandit non, interdum in, ante. Vestibulum ante ipsum primis in faucibus orci luctus et ultrices posuere cubilia Curae; Duis faucibus accumsan odio. Curabitur convallis.', '2020-05-19');
insert into Comment (Id, ConditionId, UserProfileId, Subject, Content, CreateDateTime) values (2, 11, 8, 'Pellentesque viverra pede ac diam.', 'Maecenas leo odio, condimentum id, luctus nec, molestie sed, justo. Pellentesque viverra pede ac diam. Cras pellentesque volutpat dui.', '2020-05-11');
insert into Comment (Id, ConditionId, UserProfileId, Subject, Content, CreateDateTime) values (3, 15, 8, 'Vestibulum ante ipsum primis in faucibus orci luctus et ultrices posuere cubilia Curae; Nulla dapibus dolor vel est.', 'Integer tincidunt ante vel ipsum. Praesent blandit lacinia erat. Vestibulum sed magna at nunc commodo placerat.', '2020-07-01');
insert into Comment (Id, ConditionId, UserProfileId, Subject, Content, CreateDateTime) values (4, 5, 8, 'Quisque erat eros, viverra eget, congue eget, semper rutrum, nulla.', 'Praesent blandit. Nam nulla. Integer pede justo, lacinia eget, tincidunt eget, tempus vel, pede.', '2020-05-10');
insert into Comment (Id, ConditionId, UserProfileId, Subject, Content, CreateDateTime) values (5, 23, 8, 'Vivamus metus arcu, adipiscing molestie, hendrerit at, vulputate vitae, nisl.', 'Morbi porttitor lorem id ligula. Suspendisse ornare consequat lectus. In est risus, auctor sed, tristique in, tempus sit amet, sem.', '2020-05-27');
insert into Comment (Id, ConditionId, UserProfileId, Subject, Content, CreateDateTime) values (6, 15, 7, 'Nulla tempus.', 'Praesent blandit. Nam nulla. Integer pede justo, lacinia eget, tincidunt eget, tempus vel, pede.', '2020-06-02');
insert into Comment (Id, ConditionId, UserProfileId, Subject, Content, CreateDateTime) values (7, 20, 5, 'Quisque id justo sit amet sapien dignissim vestibulum.', 'Quisque porta volutpat erat. Quisque erat eros, viverra eget, congue eget, semper rutrum, nulla. Nunc purus.', '2020-06-04');
insert into Comment (Id, ConditionId, UserProfileId, Subject, Content, CreateDateTime) values (8, 22, 9, 'Nullam orci pede, venenatis non, sodales sed, tincidunt eu, felis.', 'Duis consequat dui nec nisi volutpat eleifend. Donec ut dolor. Morbi vel lectus in quam fringilla rhoncus.', '2020-05-28');
insert into Comment (Id, ConditionId, UserProfileId, Subject, Content, CreateDateTime) values (9, 7, 6, 'Nulla justo.', 'Cras mi pede, malesuada in, imperdiet et, commodo vulputate, justo. In blandit ultrices enim. Lorem ipsum dolor sit amet, consectetuer adipiscing elit.', '2020-05-04');
insert into Comment (Id, ConditionId, UserProfileId, Subject, Content, CreateDateTime) values (10, 1, 1, 'Etiam pretium iaculis justo.', 'Proin eu mi. Nulla ac enim. In tempor, turpis nec euismod scelerisque, quam turpis adipiscing lorem, vitae mattis nibh ligula nec sem.', '2020-05-16');
insert into Comment (Id, ConditionId, UserProfileId, Subject, Content, CreateDateTime) values (11, 14, 6, 'Nullam molestie nibh in lectus.', 'Nullam sit amet turpis elementum ligula vehicula consequat. Morbi a ipsum. Integer a nibh.', '2020-06-13');
insert into Comment (Id, ConditionId, UserProfileId, Subject, Content, CreateDateTime) values (12, 3, 9, 'Integer pede justo, lacinia eget, tincidunt eget, tempus vel, pede.', 'Fusce consequat. Nulla nisl. Nunc nisl.', '2020-06-23');
insert into Comment (Id, ConditionId, UserProfileId, Subject, Content, CreateDateTime) values (13, 23, 9, 'Morbi porttitor lorem id ligula.', 'Nulla ut erat id mauris vulputate elementum. Nullam varius. Nulla facilisi.', '2020-06-21');
insert into Comment (Id, ConditionId, UserProfileId, Subject, Content, CreateDateTime) values (14, 22, 5, 'Nullam molestie nibh in lectus.', 'Donec diam neque, vestibulum eget, vulputate ut, ultrices vel, augue. Vestibulum ante ipsum primis in faucibus orci luctus et ultrices posuere cubilia Curae; Donec pharetra, magna vestibulum aliquet ultrices, erat tortor sollicitudin mi, sit amet lobortis sapien sapien non mi. Integer ac neque.', '2020-06-09');
insert into Comment (Id, ConditionId, UserProfileId, Subject, Content, CreateDateTime) values (15, 12, 9, 'Phasellus sit amet erat.', 'Aenean fermentum. Donec ut mauris eget massa tempor convallis. Nulla neque libero, convallis eget, eleifend luctus, ultricies eu, nibh.', '2020-06-21');
insert into Comment (Id, ConditionId, UserProfileId, Subject, Content, CreateDateTime) values (16, 7, 10, 'Nulla ac enim.', 'Praesent id massa id nisl venenatis lacinia. Aenean sit amet justo. Morbi ut odio.', '2020-07-02');
insert into Comment (Id, ConditionId, UserProfileId, Subject, Content, CreateDateTime) values (17, 22, 10, 'Donec ut mauris eget massa tempor convallis.', 'Donec diam neque, vestibulum eget, vulputate ut, ultrices vel, augue. Vestibulum ante ipsum primis in faucibus orci luctus et ultrices posuere cubilia Curae; Donec pharetra, magna vestibulum aliquet ultrices, erat tortor sollicitudin mi, sit amet lobortis sapien sapien non mi. Integer ac neque.', '2020-06-21');
insert into Comment (Id, ConditionId, UserProfileId, Subject, Content, CreateDateTime) values (18, 7, 4, 'Morbi vestibulum, velit id pretium iaculis, diam erat fermentum justo, nec condimentum neque sapien placerat ante.', 'Suspendisse potenti. In eleifend quam a odio. In hac habitasse platea dictumst.', '2020-06-07');
insert into Comment (Id, ConditionId, UserProfileId, Subject, Content, CreateDateTime) values (19, 17, 8, 'Nulla tempus.', 'Aliquam quis turpis eget elit sodales scelerisque. Mauris sit amet eros. Suspendisse accumsan tortor quis turpis.', '2020-05-04');
insert into Comment (Id, ConditionId, UserProfileId, Subject, Content, CreateDateTime) values (20, 15, 7, 'Nulla mollis molestie lorem.', 'Duis bibendum. Morbi non quam nec dui luctus rutrum. Nulla tellus.', '2020-06-03');
insert into Comment (Id, ConditionId, UserProfileId, Subject, Content, CreateDateTime) values (21, 16, 3, 'Proin leo odio, porttitor id, consequat in, consequat ut, nulla.', 'Curabitur in libero ut massa volutpat convallis. Morbi odio odio, elementum eu, interdum eu, tincidunt in, leo. Maecenas pulvinar lobortis est.', '2020-06-14');
insert into Comment (Id, ConditionId, UserProfileId, Subject, Content, CreateDateTime) values (22, 21, 4, 'Donec posuere metus vitae ipsum.', 'Proin leo odio, porttitor id, consequat in, consequat ut, nulla. Sed accumsan felis. Ut at dolor quis odio consequat varius.', '2020-05-17');
insert into Comment (Id, ConditionId, UserProfileId, Subject, Content, CreateDateTime) values (23, 1, 3, 'Morbi vel lectus in quam fringilla rhoncus.', 'Fusce consequat. Nulla nisl. Nunc nisl.', '2020-06-06');
insert into Comment (Id, ConditionId, UserProfileId, Subject, Content, CreateDateTime) values (24, 3, 6, 'Suspendisse potenti.', 'Curabitur in libero ut massa volutpat convallis. Morbi odio odio, elementum eu, interdum eu, tincidunt in, leo. Maecenas pulvinar lobortis est.', '2020-06-27');
insert into Comment (Id, ConditionId, UserProfileId, Subject, Content, CreateDateTime) values (25, 22, 10, 'Curabitur convallis.', 'In hac habitasse platea dictumst. Etiam faucibus cursus urna. Ut tellus.', '2020-05-16');
insert into Comment (Id, ConditionId, UserProfileId, Subject, Content, CreateDateTime) values (26, 13, 1, 'Integer pede justo, lacinia eget, tincidunt eget, tempus vel, pede.', 'In quis justo. Maecenas rhoncus aliquam lacus. Morbi quis tortor id nulla ultrices aliquet.', '2020-05-22');
insert into Comment (Id, ConditionId, UserProfileId, Subject, Content, CreateDateTime) values (27, 1, 6, 'Fusce congue, diam id ornare imperdiet, sapien urna pretium nisl, ut volutpat sapien arcu sed augue.', 'Maecenas leo odio, condimentum id, luctus nec, molestie sed, justo. Pellentesque viverra pede ac diam. Cras pellentesque volutpat dui.', '2020-06-17');
insert into Comment (Id, ConditionId, UserProfileId, Subject, Content, CreateDateTime) values (28, 24, 3, 'Donec ut mauris eget massa tempor convallis.', 'Pellentesque at nulla. Suspendisse potenti. Cras in purus eu magna vulputate luctus.', '2020-06-01');
insert into Comment (Id, ConditionId, UserProfileId, Subject, Content, CreateDateTime) values (29, 11, 5, 'Praesent blandit.', 'Cras mi pede, malesuada in, imperdiet et, commodo vulputate, justo. In blandit ultrices enim. Lorem ipsum dolor sit amet, consectetuer adipiscing elit.', '2020-05-05');
insert into Comment (Id, ConditionId, UserProfileId, Subject, Content, CreateDateTime) values (30, 11, 7, 'Nam dui.', 'Phasellus sit amet erat. Nulla tempus. Vivamus in felis eu sapien cursus vestibulum.', '2020-06-10');
insert into Comment (Id, ConditionId, UserProfileId, Subject, Content, CreateDateTime) values (31, 22, 8, 'Donec ut dolor.', 'Quisque id justo sit amet sapien dignissim vestibulum. Vestibulum ante ipsum primis in faucibus orci luctus et ultrices posuere cubilia Curae; Nulla dapibus dolor vel est. Donec odio justo, sollicitudin ut, suscipit a, feugiat et, eros.', '2020-06-29');
insert into Comment (Id, ConditionId, UserProfileId, Subject, Content, CreateDateTime) values (32, 7, 10, 'Vestibulum ante ipsum primis in faucibus orci luctus et ultrices posuere cubilia Curae; Mauris viverra diam vitae quam.', 'Integer tincidunt ante vel ipsum. Praesent blandit lacinia erat. Vestibulum sed magna at nunc commodo placerat.', '2020-06-15');
set identity_insert [Comment] off